sigma_u,sigma_v,sigma_r,R_0,X_vv,X_vr,X_rr,X_vvvv,Y_v,Y_r,Y_vvv,Y_vvr,Y_vrr,Y_rrr,N_v,N_r,N_vvv,N_vvr,N_vrr,N_rrr
0.3720086653355672,0.09673918633902398,0.2344260347106824,0.012801907257747932,-0.08286233397962528,-0.06711804341649519,-0.013383293805256762,-0.04015416609153104,-0.2810250825362443,0.0046111870763896005,-1.5245029188790333,-0.472086363466251,-0.9570550834240635,-0.009987555832700785,-0.08589307796204808,-0.04806781508912587,-0.1508305342459023,-0.691241857367928,-0.027628296581051422,-0.01598704882499584
0.2658966304398673,0.09525395563155002,0.2130348937159174,0.010115148921203212,-0.047264115814372815,-0.03501711719364855,-0.02396306968205703,-0.04068730915386844,-0.16664116761985698,0.07718137935722998,-1.638877447340937,-0.7924941307422476,-0.7320393923819484,-0.007592252137918474,-0.08646631692129202,-0.06752286329760736,-0.15409607522429103,-0.4731129181455619,-0.034745802975655056,-0.046503102798778756
0.3205212239053856,0.09499398045077405,0.20995447448343002,0.017399970108662375,-0.045095766656678415,-0.05078664876744951,-0.029969094215319163,-0.04313476375100443,-0.21589901323804017,0.02767940770314588,-1.879764927214546,-0.47465947979000456,-0.9678641812424295,-0.0050906905839608885,-0.08383770824552099,-0.062184810466767694,-0.12504879970131055,-0.6167940966077906,-0.04587967912576087,-0.011167319597622669
0.27760236968234225,0.11472432073897848,0.21174130016311266,0.01006507470657002,-0.06688281805697412,-0.0529971018536719,-0.0057542506089910544,-0.06805029429631952,-0.1971193884052191,0.05962089734782723,-1.8538893002436316,-0.37884378619448905,-0.6649995832195164,-0.00815671940940525,-0.08191477001248974,-0.058566227479905794,-0.1970195346897759,-0.500814926810724,-0.04071900762462173,-0.05623855760523207
0.2988181501697256,0.13882124850708114,0.1889638306110038,0.011566031412742105,-0.042458441355870395,-0.05858742470421045,-0.01039891017484941,-0.07711924785712426,-0.26934405792122335,0.022200829241888737,-1.6344626940355296,-0.6962781454060113,-0.9214466883133641,-0.014797720874419749,-0.12067573773231405,-0.06158711870750534,-0.14631610118424823,-0.6178650519850172,-0.025122681022881368,-0.002882681703592037
0.27712997011719676,0.11238966676333358,0.1933518289517829,0.01105837926267395,-0.08329320056871609,-0.04225983543921417,-0.03423639616455743,-0.05589745589081574,-0.2458750920821304,0.06958820126394216,-1.8359148751553591,-0.4125733059462771,-0.7104368381916414,-0.004268627855988499,-0.08326605112407161,-0.06959383421268996,-0.1969082503392235,-0.31169600100430805,-0.04299255619441176,-0.05256294971339456
0.24244142327086618,0.11506621207697872,0.21487823124380498,0.010235868696873216,-0.09915666846686819,-0.007637230855255098,-0.03433950888635845,-0.07015548921644028,-0.25160324944546175,0.0765239294791275,-1.7842868039745534,-0.5202076879724485,-0.6635970351905373,-0.011883902992325045,-0.08477556784597984,-0.06973785237803921,-0.19889634862394037,-0.3252252022520063,-0.044022489359197566,-0.050599441597255684
0.2625624643734405,0.10778649763813303,0.2011975989599094,0.010726735058045993,-0.04056903513441173,-0.06988011253995223,-0.01232031865168718,-0.06427339075190658,-0.19181402056105112,0.00948662489328307,-1.6229642809024993,-0.6325763315457962,-0.8682480621803583,-0.0044679158419314875,-0.09817420033025043,-0.06266200315117561,-0.16788973021480738,-0.6865354987155677,-0.025559912227305828,-0.03718660972796345
0.2933716979959257,0.11964234812606189,0.19852483075727892,0.01037524289767814,-0.09831703248363181,-0.0005535051625523563,-0.03218106695818902,-0.08536529351114233,-0.2846401612891981,0.07369379093687864,-1.7457657568757037,-0.4955248254929637,-0.764119496495735,-0.013683994130375902,-0.09078142940993292,-0.06300391829933635,-0.14717183820989357,-0.23843417497823222,-0.03215467759033659,-0.04125398364821951
0.30503231058699043,0.1125441928776994,0.1988067102690937,0.011936543746198828,-0.05130105481661621,-0.06964251367398172,-0.01162847687476097,-0.04841431670327043,-0.1847166925935874,0.06944141170233241,-1.9049904908264477,-0.5346115839920986,-0.8523301362278921,-0.0009670904687407167,-0.09765247994099636,-0.06101390095074038,-0.21869509961135114,-0.6797837731699995,-0.029021225724479387,-0.022022020327832147
0.26224153472493794,0.10207927851043756,0.20731946593736286,0.010866816441560966,-0.0712903975235396,-0.06928283092032539,-0.022491365067063243,-0.09853224953672653,-0.25446201559626863,0.07910108905435989,-1.8896632519600463,-0.348581104673709,-0.853956296567249,-3.1953532044121796e-5,-0.08895031827227023,-0.05412054500312466,-0.16533942684041675,-0.6466437984448394,-0.04777155779316692,-0.026190697967069465
0.3125009318069408,0.10289757238493373,0.20758488884544382,0.012055293884732414,-0.04137367860149743,-0.0145085013145737,-0.008671702157850826,-0.08718333142419468,-0.22035041641267394,0.0036166145287670447,-1.5067447284261724,-0.7232570447598909,-0.858361659211717,-0.013433059338015509,-0.09605720083813304,-0.06493910978908352,-0.2113314214024776,-0.45337279915034495,-0.020417580465206954,-0.03167566365442224
0.3067614973323165,0.11033238691568853,0.19693849929346513,0.010944280928181038,-0.04396568740536634,-0.03608368119790095,-0.0355267785937691,-0.052166506442802324,-0.23465071707361373,0.02432525947941799,-1.8909187812350312,-0.4762825057382169,-0.7276857445007061,-0.0035215249844569307,-0.09017119155186033,-0.05962925992760683,-0.1096867596992521,-0.6439715875108273,-0.018552491986470507,-0.041631223254449276
0.28663255062096077,0.11618269261815299,0.1999824090122779,0.01555327796849161,-0.04496022218784267,-0.030349684242433533,-0.04822581124689131,-0.07140041963136574,-0.23431635788796396,0.07373380789045234,-1.9571244272661728,-0.4016572231797029,-0.7428670377651261,-0.006361426402400531,-0.13604401119909054,-0.06662641825098096,-0.1322397706463646,-0.5897593662418491,-0.0172429054914719,-0.044670775775471676
0.29574485499559255,0.115480661747073,0.1971574786098717,0.01175246295089445,-0.042653108018484646,-0.023439903174879526,-0.04499419436553268,-0.063679297778943,-0.2462735171615213,0.07645924042379157,-1.9073835464657716,-0.42436993283576824,-0.7349817153206601,-0.007122394001128336,-0.14243085189910346,-0.06585939037216813,-0.15139452489319669,-0.5698713444214427,-0.017164767705041425,-0.04322933625744556
0.26861079398271936,0.11935055909918,0.19567057355747436,0.011804957758882148,-0.08439106769308292,-0.0194782256732979,-0.007436339068985574,-0.07640451027631022,-0.24184126809607243,0.07631495213110268,-1.564607046822915,-0.7978783882527762,-0.8504095206733624,-0.012492787713705758,-0.08002500985724287,-0.06720231474776348,-0.15746372934640368,-0.6129501886317124,-0.038620991125634295,-0.03851113419280727
0.26434430575693557,0.10173513836448231,0.2067364344632497,0.0110417048372543,-0.056774851324910565,-0.053576423805026474,-0.025270684287679365,-0.05160405687583248,-0.2390957322413954,0.025263158284895705,-1.8076068990754477,-0.3676990804715341,-0.775166452719481,-0.0196122532268084,-0.09318685628660768,-0.06427047656954744,-0.2125700175729451,-0.33918655936166753,-0.033092461214589405,-0.04225799972215981
0.3212577476447523,0.10755545681860383,0.20404016790419247,0.01142738772900973,-0.04402718103982522,-0.060377781936306094,-0.03186285030405303,-0.06929063280429247,-0.2970225274187045,0.07869069680007983,-1.591244202650346,-0.6331992097063441,-0.6360238941827432,-0.017066946214382466,-0.10519483074498431,-0.054220559580451674,-0.11890446162366117,-0.6933311498108145,-0.01931407176727745,-0.05951845751050832
0.2617379659861424,0.10542197366754703,0.21054405396677778,0.012692886247402849,-0.05269435070207498,-0.014921256460066375,-0.012172289751024433,-0.06436417090689055,-0.29602119110439445,0.024667816852561312,-1.6108815617438166,-0.7749005686661249,-0.760966851484971,-0.01198375430545484,-0.09460226863824214,-0.06127966660471675,-0.18465272188480814,-0.6853111493893546,-0.022022041784637347,-0.04479649088089351
0.27460379426317283,0.12019429537515328,0.21193428533635292,0.010024166660243455,-0.04350994430684579,-0.05750795338524174,-0.025556779397273004,-0.04806235985404218,-0.19332407575029575,0.06591929613756756,-1.8264102183998627,-0.5104555107660536,-0.9272396977892072,-0.010929448956042432,-0.09214061563926548,-0.06633661160968138,-0.1680117767821419,-0.2990195969306048,-0.04920333231928023,-0.0177992921893022
0.2604919448423992,0.11396711359065372,0.20330162457776696,0.010022432220963471,-0.09647606815469768,-0.030368522631857547,-0.014028321352101324,-0.09774055815920434,-0.2984124985109824,0.05615653224019858,-1.4802103067709875,-0.46215012189749977,-0.751350305610591,-0.009448146329214367,-0.08590543166980844,-0.061621738632990926,-0.13910436682102018,-0.4632830508354727,-0.01566393608725817,-0.03970581876117252
0.28394554816176626,0.11154543636952312,0.23073740415090174,0.01098377924691166,-0.04930398555614205,-0.02886587584365611,-0.012635527814823064,-0.055113355618223975,-0.2774495957385317,0.04735321928228383,-1.4485205712285254,-0.6384550929741015,-0.6532640083916401,-0.0019786562243751527,-0.08187013575104198,-0.059163883044931344,-0.166648600438782,-0.5303747588400551,-0.021424391458564375,-0.023392709887021267
0.27850596802190175,0.1088833991344254,0.19058646459034134,0.012217782504202572,-0.08588628924976928,-0.06014988891541256,-0.019237126473246293,-0.04680582935923687,-0.29607412483424345,0.02578593544899317,-1.5487400088888261,-0.584300569686527,-0.7133381265401588,-0.014530103060172701,-0.0832908824624668,-0.06504795164927789,-0.19056543589904484,-0.5112842577857523,-0.04854942698620601,-0.0361872830444466
0.3113735614161368,0.10995473132945614,0.1890080055824397,0.01024974381249805,-0.04915972427165582,-0.052906429677786984,-0.009499655741938999,-0.0403954718625966,-0.29690783482052147,0.07270722235542634,-1.864180067185135,-0.7558917276986074,-0.6657521222940135,-0.0015788660718496078,-0.09022333917998843,-0.05243369114889894,-0.19332406808777278,-0.42921195781617044,-0.027989595725823595,-0.03167228682217976
0.3139880045257018,0.107992345612057,0.17765178638206447,0.010317463597464837,-0.05305048567598845,-0.04552246093127156,-0.009529846537497166,-0.040418657830712565,-0.29584370458867854,0.07716339904331801,-1.90747856679076,-0.732097265459822,-0.6399838874833754,-0.001647723645535469,-0.09096995548262903,-0.04856925323683915,-0.19833064074702492,-0.4065421376925731,-0.03197526939853007,-0.05334197799056256
0.28729891721923406,0.1186497601457973,0.23701168213852145,0.014037261749705881,-0.07415814264656946,-0.06530232209919146,-0.030664542298951578,-0.09573761210576444,-0.18978724943538489,0.03342629224076087,-1.532111800105037,-0.6712745249873464,-0.966446253097742,-0.014020145631190951,-0.0933848435842534,-0.06874877626845734,-0.15245710868684564,-0.5095517801509329,-0.04314333632757437,-0.017495161254148746
0.26579281244389896,0.12682987192502174,0.2220370442060535,0.010339865346495551,-0.06669286893317433,-0.014270664714505922,-0.026226389162210973,-0.06675043221572322,-0.2866958605967127,0.07903720521831713,-1.8599530045283243,-0.47462109214807874,-0.6515153876644484,-0.006049845595586745,-0.09591468170235694,-0.06687655125348402,-0.19387773781745188,-0.5014651528367348,-0.023821846873329264,-0.0526443615987262
0.27617862333363413,0.10913388496760495,0.18500774730883868,0.01283093955630053,-0.06066421018532171,-0.011837590912300536,-0.02577128772133848,-0.06805707448814316,-0.2737981573103961,0.07967846612521508,-1.9658978689788398,-0.5610559355446759,-0.6711353986376332,-0.0026610556071963165,-0.10410686770357627,-0.06841643659546809,-0.16209191284131463,-0.4240178482672972,-0.027439474337325,-0.05621835817260185
0.3161155155409149,0.11304679077139032,0.20524204085932002,0.010393443405245265,-0.09277688153332786,-0.06706203271325191,-0.01672931574067269,-0.057910100752387,-0.24597801804337704,0.05993801582671513,-1.9669767543709284,-0.5691146865600849,-0.7711150697564858,-0.000946325389017396,-0.10948904080987568,-0.06339594604787377,-0.11745649814942002,-0.618700408922395,-0.020026915706376217,-0.05866003286923643
0.2958263221181914,0.11935608328763037,0.20465183448914523,0.01025894940418055,-0.045699323288431286,-0.012981711469972922,-0.02418646038705082,-0.06958642376614554,-0.2934023733357104,0.06151536116446844,-1.999176239782669,-0.5345714961690187,-0.8501516785867496,-0.015900447022362055,-0.08031900680222336,-0.04842060029273909,-0.2446125298718295,-0.43013347724390016,-0.015274987324231291,-0.05750309155573781
0.2628270316836544,0.11761219242365333,0.22860206903034122,0.011351205920956387,-0.067675077781262,-0.006780510898721018,-0.035347233778910164,-0.0578750195395625,-0.2885568592210349,0.0744657719823536,-1.9717166033739602,-0.5802648414396454,-0.6056716887989768,-0.0020946634160553777,-0.08006460903371738,-0.06434764508022864,-0.16589822532912413,-0.509451787026779,-0.04127336610100288,-0.05625086237807604
0.30629610018101405,0.10899506189954253,0.18077753831271698,0.010079043847210816,-0.06723809975645373,-0.06797901928346264,-0.006913031983363585,-0.06569465159399404,-0.21539477567127763,0.029849133467683923,-1.425704229495397,-0.47322130489779196,-0.9924230254338389,-0.01771243906983083,-0.1354001553228293,-0.062335096565170285,-0.1022234628897839,-0.42228060316605015,-0.0225667995099066,-0.00833476236951005
0.3027424842485737,0.10217796826533808,0.21875768259872236,0.013036257094795584,-0.07060499356527353,-0.010592872443451203,-0.04095745929922712,-0.06274102659648348,-0.25187611794711223,0.07604167409858432,-1.9818691332631058,-0.5276876016657972,-0.6210906061100019,-0.0020207469078012304,-0.08007133853505632,-0.044644602352636356,-0.2476077539740143,-0.5102286224540694,-0.04438382432605195,-0.05071059760997403
0.3026965989963928,0.10222365193139792,0.19105577217226,0.01008592942168022,-0.05816519924267356,-0.0683910518734108,-0.006498280717405186,-0.07300280730184702,-0.2550857746690945,0.007524411748306987,-1.4106673991085126,-0.522135767503336,-0.9804358085228535,-0.018246461049277494,-0.14084147137380212,-0.0696749941871619,-0.10187955176037974,-0.6409890177874429,-0.019548105391484435,-0.015918282662514965
0.283830854501627,0.12983846808972901,0.19601143951923225,0.019707815026431187,-0.04172061548432613,-0.06805578953286967,-0.005507188099022231,-0.05638468644032928,-0.22729620517504456,0.07643997605130229,-1.4365969561449743,-0.5965336069433191,-0.8414490476605061,-0.008211137435714461,-0.09190172274975233,-0.06426788677832393,-0.1260633033180027,-0.22531213078848988,-0.036399486114313685,-0.03587258151389984
0.2715928696069584,0.12677879453229834,0.20845653167538183,0.010034783531839439,-0.05812603011309839,-0.06619482739641107,-0.00977491096304823,-0.08872085791502907,-0.2627118708762443,0.06288974408104442,-1.490076773388851,-0.7876108488242984,-0.7506701715400245,-0.012692647574335584,-0.0900730404748621,-0.05629994816777814,-0.22570552025305457,-0.6418281399232373,-0.021018955903501713,-0.02608087314035249
0.3173246318719451,0.10854384490506,0.2153207254982396,0.01801520695986291,-0.05991110205228906,-0.05597445992595809,-0.016105157000716554,-0.04174614487653085,-0.25502621581856055,0.0072948385292967615,-1.861619195542072,-0.7378596439354952,-0.870170609983419,-0.009055798380222684,-0.11415201167221237,-0.06586849359961668,-0.21633120062431294,-0.5027870876794456,-0.037659288778926076,-0.04801690550465878
0.2861355346841307,0.11602810674210107,0.21777248888963505,0.010061599047278545,-0.06871175697246563,-0.007140336764040037,-0.015170606184390756,-0.08697098239929954,-0.22508390563924338,0.07026295853448787,-1.832447167559082,-0.42553503202577475,-0.8272783794493367,-0.010324172299782879,-0.08050221321767635,-0.05731098070221025,-0.10316776210753723,-0.6567149358492979,-0.026756142080697185,-0.004638110886189949
0.3204881731947809,0.11828830928292687,0.19329919155388134,0.01593915749047522,-0.040530282194158995,-0.06838794191193215,-0.033608115679364475,-0.04857397703769016,-0.23616315484250133,0.054100099018522696,-1.6137831411281267,-0.7214283185069225,-0.6822109567268126,-0.004930313069589236,-0.08309085653310641,-0.06434413872531773,-0.13905346944476144,-0.4168951745387957,-0.03248122647477254,-0.03587143823169714
0.2723891502642506,0.10213898767163052,0.21119645108198473,0.01010888599418643,-0.0887273082925293,-0.06787803704068082,-0.0077690847134048585,-0.08117906909551653,-0.20282908244096726,0.03509111533024894,-1.828856965178671,-0.35276753724877874,-0.9118009214875341,-0.016610265083799557,-0.10449037207199287,-0.05763072529614194,-0.19198186382180868,-0.6759790751999385,-0.031039304473219568,-0.0517505033946489
0.28977301768500163,0.11099175583200023,0.2304245762017963,0.010056127420610841,-0.04037213021799379,-0.018201594218226702,-0.02961697606397062,-0.05934169415224234,-0.28463248684864967,0.06354157026307883,-1.6155483306348535,-0.7891698452040755,-0.7195180798766413,-0.0035350459612014593,-0.08532526147976946,-0.06623281837250404,-0.13825842077749795,-0.38201211965821175,-0.028411596507932676,-0.01502535631992137
0.25617408974630795,0.1122092146215043,0.23740138706425276,0.010105900414995608,-0.04223723464344933,-0.02440882123540685,-0.027455996531323645,-0.06475287001672611,-0.2909587195529479,0.06668620178808393,-1.4803558910093302,-0.7029380809554007,-0.7116061017177044,-0.005473190495286327,-0.08237651803600289,-0.06765134935452834,-0.14964073648851955,-0.49096912870050824,-0.03330633224843214,-0.026561436742919747
0.2903952652479198,0.1088722357055884,0.19875645306457287,0.010412416405564994,-0.04134283339815389,-0.046809099655172715,-0.036594959092564196,-0.06987927080653761,-0.2754652479394167,0.03793318437069613,-1.4212122622367143,-0.7854035155267813,-0.919796713927844,-0.01290299111012704,-0.08544952082401881,-0.06701448681528267,-0.2079080073353036,-0.363339142776624,-0.026048947696756017,-0.008570466535089832
0.28408158079764745,0.11143548700489272,0.20692525410360887,0.010127591361642704,-0.09825494474395619,-0.06435387995891448,-0.044748448541928776,-0.06938736802177202,-0.23379944334737587,0.06836034097887331,-1.961092924202198,-0.7961679210101652,-0.6549682143169105,-0.009380467679704782,-0.08399270668924017,-0.05834196487614353,-0.1664250232727406,-0.6757158537470608,-0.032981299296476904,-0.03838290736047335
0.28380143673788844,0.11088688464128488,0.2094856620537578,0.010103100736865014,-0.08058581072010937,-0.01347144689731189,-0.044637613629893935,-0.08546204027201397,-0.2859306964553662,0.028158395956763567,-1.9822265212559,-0.7904037468796942,-0.7283691161888359,-0.006714831139123871,-0.08847794543673632,-0.06868751449345385,-0.13511470973045198,-0.6960439234623389,-0.02112662747227676,-0.02333700842116474
0.2794796495077238,0.11832737386855305,0.19586610510736316,0.010627570825334075,-0.04884920548156264,-0.06785342348196302,-0.005459849085060801,-0.05505448960282446,-0.19525793104005146,0.06893831361634352,-1.4637321153349874,-0.305634142153011,-0.9183615622253769,-0.01244125552855838,-0.10205060593847143,-0.06234453267250634,-0.2010507981204269,-0.243899587895277,-0.042274612615716016,-0.04907124549386672
0.31436136302344353,0.11743651001427416,0.1967116659414672,0.013094911472266926,-0.07682386634859625,-0.014187114926221073,-0.04603742677453065,-0.0846665428634943,-0.2826127181173249,0.015099682546752704,-1.9447417296454286,-0.7502024297273511,-0.6993856938933742,-0.0066980724681476225,-0.09015161580147782,-0.06541062890922802,-0.14371759098911174,-0.6959017983178872,-0.020755002467781693,-0.01869524637960939
0.2833772438534194,0.11466827492023247,0.2109961096356884,0.011965277970681476,-0.06084958649613187,-0.0522835496820786,-0.023904439377050075,-0.08871053474718371,-0.29707886331254835,0.021801491360546238,-1.8505307089338108,-0.5242353776963969,-0.612627305774377,-0.015027750245398434,-0.10838394318724313,-0.06839190505757345,-0.15385720929400498,-0.682343088344558,-0.01738641188666111,-0.011997727638733344
0.32832321890629185,0.11118496099980948,0.20880867074852805,0.011257227682073875,-0.05905968112648046,-0.06109683905079479,-0.026331933297649768,-0.09117901719304337,-0.2965701403518763,0.02290763592178938,-1.8793888792772386,-0.5221830586629109,-0.6158748419122076,-0.01483649679784738,-0.11528853045709597,-0.0670454722536714,-0.14494399837867167,-0.6721379095637959,-0.0174351400539322,-0.01265598104625755
0.2677455359405518,0.11152752379222404,0.19151917189435824,0.01137584469590169,-0.06032414475953832,-0.06384808453765259,-0.02385723231466521,-0.08869914803724709,-0.2953220783963509,0.022754521759569643,-1.8688140196655443,-0.5983693832621526,-0.6132892183046009,-0.015769123436411646,-0.1038298195466538,-0.06474317141367254,-0.13578307911912826,-0.6846097289280736,-0.019077206703554173,-0.01746996713289032
0.26353755706384124,0.1115999949147537,0.2310977780854312,0.010870311696344443,-0.05891157168306696,-0.031086912671108392,-0.01379452810981295,-0.05333889494633043,-0.1605885829020207,0.05867696277622127,-1.4307930306125507,-0.45028139702829045,-0.9056421950973653,-0.012801008548414993,-0.08284827050415278,-0.06027666383161509,-0.17090769505744627,-0.6927605787224886,-0.04611636946592892,-0.04248081655865098
0.33334970691709787,0.10664256260041977,0.22791068746130533,0.010404301504526803,-0.04485516350122425,-0.061885418872984196,-0.039708195477392114,-0.07263439256200659,-0.18546661106352524,0.0243038252007692,-1.4097401891036816,-0.7431861209651432,-0.9759971183244459,-0.012068856301755103,-0.08845338013925824,-0.06333666532426754,-0.15258430294634195,-0.5617890887761434,-0.029071610470950204,-0.0584979418592179
0.3369640012186819,0.11101132835622272,0.1865806088418131,0.010455929350982555,-0.05590962546577666,-0.0535922139506395,-0.01881071180627188,-0.0911500218484408,-0.1971527367099835,0.024310849480001895,-1.4200817532226306,-0.7545569862362093,-0.9020944404741338,-0.0071102107483717435,-0.10791767610480502,-0.05934188769141947,-0.11562114407883625,-0.5314796661005913,-0.035505434801219614,-0.057077048811244736
0.30197592367173465,0.11884999725355502,0.18443484077736966,0.011154123306428159,-0.06473882503753135,-0.05175305361039993,-0.018306821069832356,-0.09916251482559713,-0.26933858670618405,0.05213024871407582,-1.985707722426433,-0.33505587299276757,-0.737839132610884,-0.015097262922272587,-0.08171197956183696,-0.06299823504885844,-0.23033577340415998,-0.6139235642011364,-0.029903598010986448,-0.00892755714824954
0.29822601945245775,0.1248079690074806,0.23108690481881639,0.010121919823664038,-0.07136499902439666,-0.04538135871691093,-0.00610653973581618,-0.07398024456516401,-0.21051983722356293,0.060618544092790584,-1.611229457201994,-0.39621516184752875,-0.9240407442205323,-0.005682583433539971,-0.0890263866872382,-0.053159875413005236,-0.24088447239022748,-0.531879746619276,-0.04205181298985533,-0.040463378536927316
0.2772781895401542,0.12440942967877157,0.21447334207527863,0.010475265350752489,-0.05309992413720084,-0.05794100645074722,-0.043706773778871146,-0.07707115345977822,-0.28465607671788373,0.02397316095446907,-1.6380309330050036,-0.5459144299520993,-0.739928476828731,-0.013823348481690822,-0.0912223898974425,-0.06927076929786997,-0.10907350977651425,-0.575115406418367,-0.023962565068700297,-0.00893239994075739
0.3019632520122153,0.1239640747519296,0.20875548334885516,0.010416081545236334,-0.07022390465495668,-0.04525813512516787,-0.006732752154030325,-0.0671316841275766,-0.2069684422239613,0.07046467141357382,-1.8098020078118482,-0.5058989548564399,-0.9031815098611488,-0.004229971408909704,-0.09598474127560176,-0.04044840908884237,-0.18320533528526717,-0.5870652864385119,-0.040999806783794925,-0.05357107111238589
0.29633533453956196,0.14757911959868383,0.2163158062989735,0.012143218369703206,-0.05567641394602953,-0.05741367082725686,-0.036638225487330145,-0.07099655686516151,-0.2926830001296836,0.04088453845108166,-1.6130870053276847,-0.46893266095318153,-0.7598512104751047,-0.01854529303095639,-0.08977670591593911,-0.06980386378070352,-0.1311987100103437,-0.20168656603282153,-0.022183805857375442,-0.013239375732844318
0.30415911538984663,0.12125842501605466,0.1987132874872213,0.010675424670181354,-0.06463999824005168,-0.02393254432879429,-0.0068719050664350564,-0.07735354333398328,-0.2196516289390253,0.07151485129913573,-1.5624336614341043,-0.5512403689951131,-0.9626919400649204,-0.004571657279246124,-0.10360677266648805,-0.0375100031342806,-0.14220689404213088,-0.36556430473348933,-0.04351433118446371,-0.03583663291796912
0.3206486237930392,0.11948035906829177,0.22435487652353248,0.014492430421569918,-0.07844623050427656,-0.0651971937548533,-0.022548423718307977,-0.0540745293536165,-0.26186810595296994,0.05154011825628405,-1.8634670204743102,-0.588618180150992,-0.7887631464833256,-0.012201631575721301,-0.08648308810110505,-0.021992453516865247,-0.244245381717802,-0.5312671162121753,-0.015944940512586228,-0.04784691548882194
0.3013535488909027,0.11859026044851281,0.2146478349382533,0.011004633011748388,-0.043291350216934824,-0.0058023450069913385,-0.008580511944478779,-0.07612296302607052,-0.2054731972433441,0.0766648369604024,-1.9726561528077438,-0.5808134468111739,-0.7928724713503602,-0.009023036893522187,-0.11302862972211142,-0.029737695517319987,-0.18935845911072305,-0.6622431441883814,-0.03405595872470179,-0.03384792367939084
0.2735087731277773,0.11493329580785713,0.23368022239609737,0.010334698096081221,-0.0915317917175619,-0.06532299272797024,-0.0255225286076603,-0.0428090014830811,-0.2594875858981777,0.03888374857018613,-1.4731393685855516,-0.4144106063938578,-0.8068784970089088,-0.0019315762344927628,-0.08424180604662869,-0.0694762036014023,-0.19015575714536004,-0.3719596375552439,-0.04846053288381373,-0.04963605817850098
0.31073143598725306,0.11218735410648863,0.2086052031678422,0.01345931788051073,-0.04174370080929188,-0.027148927363964487,-0.010114688193843535,-0.09665161767324547,-0.2627987847307693,0.06991000502786668,-1.9406852722131986,-0.6618551448981592,-0.8999431724656906,-0.009030191661482974,-0.12165993573123036,-0.03857375509336338,-0.16137946564531946,-0.6602461411351083,-0.01631880245801815,-0.02635356970179923
0.3321839011171783,0.10539333930342516,0.20501258534928815,0.010303875908063104,-0.08774400380155808,-0.06481385966679432,-0.029794529212767727,-0.042882417985449166,-0.20938380918497967,0.00798656463689776,-1.5132950316408322,-0.4251969935917365,-0.7062655781408902,-0.014553252038504196,-0.08116930604987409,-0.06824026272782847,-0.16763757871967394,-0.3835753424664554,-0.04848713707328203,-0.042936182367061974
0.32486400544516225,0.11732784164122628,0.19578161972942215,0.010324578051341944,-0.04539617948384851,-0.02192356970500106,-0.012789018475541696,-0.09921989664317907,-0.2998013302982212,0.0769114930280703,-1.9457950032693572,-0.6735620756559513,-0.8315875859760191,-0.010419597299268748,-0.14389948774147074,-0.05033232984479988,-0.1445949308418491,-0.6907268060922284,-0.016745663944545283,-0.02399914270887011
0.26926759633273334,0.11054286846391011,0.2079122389042554,0.011940493283169124,-0.07656791041002074,-0.06453532399125445,-0.009945520022220461,-0.04921799363236034,-0.19257276684606914,0.07037139344582083,-1.5724622437022746,-0.7426564356025162,-0.7459973480687099,-0.019783548481334127,-0.0824263194197258,-0.0648105136131382,-0.12876072881565243,-0.22515864430452276,-0.03748540611489053,-0.054602800187850256
0.27731655572544145,0.11120055294337265,0.20224022746114426,0.01047506549802454,-0.05307665819827429,-0.045050257125816784,-0.006982769692346902,-0.09465641406811397,-0.28597533002814546,0.06036391741197309,-1.815729188360787,-0.5720399050602697,-0.7568145719427646,-0.01974005896770256,-0.08204624245417931,-0.04918187355395691,-0.1569969868452329,-0.23556658951846782,-0.022398604701289834,-0.05165825199111064
0.31265076236054773,0.11680720286929364,0.20008304573801444,0.011037416000227453,-0.07239066168669632,-0.04456665987153452,-0.005077970894859077,-0.0742884462750744,-0.27064862942602147,0.056232887658940016,-1.6783281551665716,-0.6711059127085612,-0.8661510591968963,-0.018943782595383023,-0.12697783987411843,-0.0667484575005365,-0.15655488579453872,-0.6692165207244968,-0.03398324465424618,-0.0324753675850306
0.261784221091479,0.11191874527332958,0.2022831895132899,0.010920937365359023,-0.05063731173742674,-0.057096534136356375,-0.0427641320729516,-0.06481978400682738,-0.238212480978888,0.05123075557989001,-1.5738266546368351,-0.5591173313471007,-0.7738125432597412,-0.0018761939904754603,-0.08081007665841876,-0.058649643305183,-0.17540454586715604,-0.4027043203121856,-0.028764218264705134,-0.037348242887775496
0.36789928259437527,0.11584288914695787,0.20206170556416397,0.011094281938187605,-0.08128605692401919,-0.03699524190351659,-0.006001410168916831,-0.08567438190285222,-0.29252205788839775,0.06477520665077857,-1.4715346977413568,-0.4957474571259089,-0.886581283838469,-0.01973745449289787,-0.12951654166097015,-0.06930970459481947,-0.10769718084423602,-0.6262890126912439,-0.04380334448438972,-0.035723974654380784
0.34724457538008946,0.10404780445364041,0.2015697264208671,0.013780478945836328,-0.04756926610124419,-0.059756650137138455,-0.04485995697255431,-0.08478138360097748,-0.15387835769170669,0.04903364941524257,-1.8826961618629139,-0.5158074685361749,-0.7672631244947121,-0.00024842858006174015,-0.11082379995349476,-0.044178076466855204,-0.19299195361507862,-0.5812734272760298,-0.015770253469837632,-0.029385066589578637
0.30081570194302043,0.11373767777295307,0.18311780776738334,0.010814315948994187,-0.05682439807401883,-0.05677596636443151,-0.023346282390516743,-0.08220813603598001,-0.15786493752935266,0.051504372522706995,-1.8692218397934424,-0.5856530997546976,-0.6384181057511457,-7.845863579042725e-5,-0.11472649295339502,-0.05777828201983356,-0.1861339335922884,-0.6074260277775065,-0.02534609272468611,-0.04975331132172925
0.25202967669944326,0.12827424046845887,0.1879721968229347,0.01227171567277021,-0.042015060406037,-0.0437947564383297,-0.009797447959246065,-0.09061599995039928,-0.293317146668469,0.07688577904740529,-1.4232223928853482,-0.30209893328186926,-0.771926102533411,-0.01901934079637539,-0.08324010090574656,-0.05543316158589794,-0.14212579013823484,-0.5408187433998101,-0.04201293796294754,-0.04551301677267391
0.29819892925693886,0.10278945194948134,0.19815346661152372,0.010451178546205961,-0.041262170198992254,-0.007020595463756579,-0.03922306582383539,-0.07974408224198098,-0.26281073755187734,0.07147943279678647,-1.7482402519588374,-0.41982613341020475,-0.6612287521423019,-0.0170442841875988,-0.12435389358503371,-0.06525601731111326,-0.19093776208702382,-0.5126225895491799,-0.02702826723615249,-0.02416582281228994
0.2837261683538164,0.12264731244449109,0.18785462130893088,0.012147222423793595,-0.09437237923626135,-0.06234800425029826,-0.006478894042015279,-0.04482108161042583,-0.2948938658679646,0.03798528108951221,-1.7468390328597885,-0.39275756510157417,-0.9785645174261756,-0.008714793125286904,-0.08076324618572674,-0.05516019911645556,-0.19503199316696723,-0.5846568420364254,-0.043707559759965646,-0.03261840627997571
0.31083538162342017,0.12271230921322329,0.18735382992152033,0.010815452473416858,-0.06835322033831988,-0.04488017338550586,-0.023489666881710215,-0.09255095481219895,-0.16428003222834284,0.06494976027752314,-1.7938474464280387,-0.3893884106598699,-0.6212594673525047,-0.0018463103706884212,-0.1397279029079794,-0.062456389759556724,-0.2336859145288702,-0.6088462936117957,-0.015301798017820098,-0.03968986441199146
0.2801862070683174,0.12122115847406628,0.19286574998339054,0.01007072592899574,-0.05721558815090162,-0.046917293770977406,-0.011865893730071825,-0.046980791789686206,-0.29778228398919476,0.02814807775913446,-1.580641768451121,-0.6649463565749576,-0.9997536599748251,-0.01803477355964324,-0.08063268057436263,-0.06663929522072586,-0.11406538644355221,-0.5157021046134163,-0.049523254575793554,-0.038163622140588244
0.26092369327517934,0.11981671515868741,0.2166958560325716,0.010096141279968954,-0.056094097133308735,-0.020134994606163352,-0.008168078303207468,-0.05613474268620701,-0.2912361254574847,0.05992110719445319,-1.5764465327584565,-0.6530446827610088,-0.9996500139758354,-0.017184947332624517,-0.08029534793671017,-0.057632494746550994,-0.11364310838367078,-0.48586736562531396,-0.049560015943162165,-0.033164095511760805
0.32730001611733867,0.11433648038147824,0.20113791017410348,0.01908103170905042,-0.07925198445949416,-0.016932708773133145,-0.005799770318211328,-0.09217730538818711,-0.17010328562858726,0.0692884584982427,-1.9604375145313528,-0.6378741371289147,-0.6595683688008902,-0.0009727478493310529,-0.14923873650557093,-0.06106236092442722,-0.10979113720543612,-0.6318581981881006,-0.01555041043615691,-0.04515373850037805
0.2792803115958398,0.10001718607791654,0.19972494543274397,0.01009640617508407,-0.04874200138039357,-0.06276135304820882,-0.04363573166205576,-0.09954997181593966,-0.29650573190615537,0.024724043941522424,-1.419612631510995,-0.38933266824190266,-0.9830919080258057,-0.019672163826496416,-0.08005869117122613,-0.06195951045973691,-0.24011141090714014,-0.5537233145704527,-0.04834710038137276,-0.043970826399929566
0.32082981162113045,0.09807316442704882,0.19204651267476575,0.012157032783565886,-0.08297429157772679,-0.03812034211860156,-0.005120334411586221,-0.042566133734365415,-0.19273420010809894,0.064672020301665,-1.9988954440394062,-0.7025884530077259,-0.6317996734094248,-0.00020203845841027662,-0.1496150226707734,-0.054443692328806005,-0.10718336609463433,-0.4669801256325651,-0.015691498190085,-0.025539217648160903
0.2988458186994015,0.12522838568043476,0.2070054190006242,0.01152815005027241,-0.040786077287894774,-0.06491043299920468,-0.04469811547368763,-0.09773152190825347,-0.2737498495277023,0.018966326089103203,-1.6893643317053486,-0.38375939861319325,-0.7955330445758922,-0.003121036161354382,-0.14944471279770044,-0.06527811898473304,-0.2413098078159393,-0.686704845506546,-0.04929439532770015,-0.05652672864997765
0.2824315913967659,0.10888752486989567,0.19684812869807908,0.010785259198174857,-0.09965910529752577,-0.028245817564450527,-0.005759959733239804,-0.04274907658441253,-0.25977799828929016,0.07892093833416879,-1.772185261200396,-0.6762676876963122,-0.8906865886785936,-0.016512166004887193,-0.08018910479509372,-0.054031857505951714,-0.10741779690084069,-0.25389879074182986,-0.015688017079522,-0.0075355628262235574
0.30691712792293885,0.11795075481783235,0.2061441954872913,0.0118338868482396,-0.09989820870530818,-0.06507196152774339,-0.02756352065074195,-0.06096047904333238,-0.2522754295264968,0.0023439441383654182,-1.583045241888218,-0.32910076815045486,-0.8830128991156615,-0.0049356237140489,-0.08002216686585291,-0.06725861738884295,-0.24260916055013657,-0.6794668369780514,-0.04633574123015291,-0.037401495075353466
0.25826065856000835,0.11728094949354538,0.19017653311082175,0.010414390816245822,-0.040694937529232277,-0.06054090843467234,-0.028673201074856797,-0.057261759309454055,-0.17977281543062926,0.07983745337086816,-1.5765067772220378,-0.35579734020845605,-0.8425287005238516,-0.0016803625494861071,-0.08138719654519821,-0.06394053923019294,-0.24777692127726156,-0.521470510759679,-0.015051368000923895,-0.026500240596620483
0.25043649673028884,0.10714674718075992,0.23543685312664048,0.010387960407758703,-0.047692996026805955,-0.06893705920911859,-0.012509861398243463,-0.0776313409983279,-0.16839994290368138,0.07864009860910441,-1.4203941040305308,-0.5398476679060598,-0.858667944191073,-0.003205189859207657,-0.08778638013858786,-0.06525688430526476,-0.23690160336197486,-0.42989595564330174,-0.016787428229916482,-0.015741728304247686
0.25026092730071464,0.1090343295494458,0.22465066019279234,0.013035288804683562,-0.042031114290943666,-0.06698592613531879,-0.01828377951949208,-0.09513953048015168,-0.29565040013701505,0.007270190678036292,-1.598649593849613,-0.7006790188078854,-0.9705582936075314,-0.0048512550673973885,-0.1019354310808496,-0.061367966558485414,-0.1441394896789444,-0.587178006316749,-0.047353031906942226,-0.025450839887738365
0.35433983094474664,0.10945924024587893,0.22729047257081594,0.01015734493795289,-0.04422780699287105,-0.03738285949367719,-0.02006240226866516,-0.046689450166308634,-0.16874800384264432,0.03256267932117084,-1.7261057635084858,-0.37171064308297136,-0.6599073955896153,-0.01612057133463432,-0.082850700387898,-0.05935994076756639,-0.1451953440996802,-0.5657760003404457,-0.016835309406391184,-0.04677902109647079
0.3660516792094914,0.11501736769566967,0.1898571482614344,0.010164907156922287,-0.08690679887267595,-0.03152521988662605,-0.03976668078964292,-0.061731541527476785,-0.2004026183214829,0.043663911989772965,-1.4426537901455325,-0.4344423622428955,-0.618435406372799,-0.0020389291806933614,-0.09593803313352425,-0.06261118653426279,-0.18652872485146044,-0.5572671092638963,-0.020012080189693776,-0.05101392269226624
0.33979729698971667,0.12160136583306382,0.18376197368776506,0.013512422419016071,-0.044132674842417605,-0.0621963607287265,-0.005794094425110613,-0.07421710541715382,-0.28425956635557625,0.05276394036202769,-1.7142679342842126,-0.5682767168845628,-0.9375976236585944,-0.01544547987378914,-0.08741454381023138,-0.0621004152990339,-0.17994064134961357,-0.5843885718247265,-0.04912420302651288,-0.013509733818881417
0.26178619898361705,0.11553592585438105,0.19626350428753347,0.010316911970929363,-0.05111511759125745,-0.020203094455054853,-0.005185847704386633,-0.058700177954732924,-0.29163106656576815,0.03449219031215033,-1.8661209659496893,-0.36298209380157953,-0.9527887714245897,-0.012989372868007167,-0.09645724163276667,-0.06672143437784417,-0.1403041668949251,-0.5487867671918789,-0.037738141123437124,-0.030063706034165208
0.29102070480019965,0.14707637800418735,0.19507597965548143,0.014734768095755142,-0.053406313776244795,-0.02954423236022856,-0.005911369183538177,-0.05673968060751258,-0.27957432028385976,0.04011740871486831,-1.8958152461129094,-0.3549051654809937,-0.798713732645962,-0.017717054268036166,-0.09103839601492233,-0.04526503539120002,-0.15619606187429969,-0.6433048128878976,-0.029998099845267343,-0.02625038133270447
0.2724240471177527,0.09445328321290702,0.2102598505298985,0.010663023004535591,-0.07593563267883241,-0.0660748246626155,-0.041225016311767254,-0.08285134365239856,-0.26307105542795967,0.05807863828429606,-1.51885356524039,-0.6996032002734242,-0.9998570346734756,-0.00690860038007165,-0.0856567258710518,-0.06848444423786786,-0.2022036987243535,-0.41514012395158717,-0.029121950261855926,-0.0454577599948825
0.3133288845541972,0.09174179033285955,0.192913130673155,0.010429985834368173,-0.044681128160858355,-0.047407731708135614,-0.0491259849786712,-0.08375523070829505,-0.2939726025476255,0.030295083329881983,-1.4738613601036659,-0.7689223251856544,-0.9997318353889698,-0.01202518998471336,-0.09073611146849536,-0.05345518432747799,-0.13162132098279988,-0.575140014880692,-0.01868143997009282,-0.016293417857780358
0.2831003419113984,0.1033832739957248,0.1987825983041175,0.013761417513690578,-0.07174892106421069,-0.05152039471023156,-0.026923389099584746,-0.04824431255974818,-0.16335427655969859,0.052793785864120965,-1.4028447390934766,-0.3064298478960214,-0.6355957439875273,-0.011965516489963687,-0.08955144420479041,-0.06901159861283078,-0.2043277230224899,-0.6078590445211915,-0.04742248884413276,-0.051350473466212535
0.29672485141853977,0.11573805178743742,0.22170676334831446,0.010258563612544395,-0.04956371457719184,-0.05395346384016488,-0.009535791148222249,-0.07446178000682802,-0.29128533067710516,0.04882931858910898,-1.9945861117549823,-0.7727502143895206,-0.9323233237523085,-0.007996172094103122,-0.08628839501250836,-0.045038321591036545,-0.11605386776758891,-0.543892945516059,-0.037336648199397214,-0.020945987169319315
0.30173472228142073,0.11369384459852401,0.22629038451894729,0.015600101310789507,-0.04427452975526587,-0.061345370621378535,-0.022038397076949136,-0.046311154926727355,-0.19233198185182704,0.020525832347680097,-1.9977259623844257,-0.7805541007732817,-0.7182460324093657,-0.010949523619450037,-0.09216960953144018,-0.06947512049854912,-0.14507814223224938,-0.3680965688257106,-0.028812171469454875,-0.02053151039106095
0.2789878594302028,0.11659253021575018,0.19601641212817286,0.010234208270899001,-0.0958284188058517,-0.03618225399204663,-0.01273093027100753,-0.09230939812029254,-0.29680749172607457,0.0743326142605383,-1.6621114296999302,-0.5115808773169637,-0.6180275538905147,-0.013958903139080527,-0.08778968291801167,-0.04309404238188315,-0.19606851693208774,-0.664184159121038,-0.03465758915267997,-0.05528182508345065
0.2679284907558506,0.1116012379730805,0.20083043333991082,0.014102800129558304,-0.04207455930136487,-0.02579767977824838,-0.027124776408824366,-0.051804638109272036,-0.16203821192890713,0.07130876557284267,-1.702240658825502,-0.34706878905383426,-0.9318223210824045,-0.012287159247941472,-0.08767527762704327,-0.06841477315802647,-0.1424168120138558,-0.3595286743220221,-0.03436796094535283,-0.017448972127784394
0.3326512381534778,0.10356750836218141,0.22646491607860916,0.010353375836058522,-0.06428146667746103,-0.06989246775462862,-0.007731818974332276,-0.09094985506985898,-0.16202017616325085,0.03045797867481077,-1.6996355967486068,-0.7606034997801584,-0.6962750597747063,-0.010711118398768342,-0.09435096983312544,-0.046390406380921234,-0.18049596418012803,-0.6740858611867002,-0.025072249882953795,-0.03562937036911414
